"","SEX","POPULATION","longitude","longitude2","latitude","GOL","NOL","BNL","BBH","XCB","XFB","ZYB","AUB","WCB","ASB","BPL","NPH","NLH","JUB","NLB","MAB","MDH","MDB","OBH","OBB","DKB","NDS","WNB","SIS","ZMB","SSS","FMB","NAS","EKB","DKS","IML","XML","MLS","WMH","SOS","BLS","STB","FRC","FRS","FRF","PAC","PAS","PAF","OCC","OCS","OCF","FOL","cosine.latitude"
"1","F","AINU",140,140,50,178.736842105263,177,99.9210526315789,132.473684210526,137.105263157895,114.894736842105,128.236842105263,118.447368421053,71.7894736842105,106.710526315789,97.4210526315789,64,48.1842105263158,114.631578947368,26.4473684210526,62.2631578947368,24.7631578947368,11.2894736842105,34.2368421052632,39.9473684210526,20.5789473684211,9.23684210526316,8.07894736842105,2.68421052631579,93.7105263157895,21.7631578947368,95.6842105263158,15.7368421052632,97.6578947368421,9.97368421052632,32.2368421052632,48.5,10.4473684210526,22.1842105263158,4.47368421052632,2.71052631578947,111.921052631579,108.736842105263,26.7105263157895,48.7105263157895,110.736842105263,22.8157894736842,56.9473684210526,97.2631578947368,27.4473684210526,45.6315789473684,34.7368421052632,0.642787609686539
"2","M","AINU",140,140,50,189.979166666667,187.041666666667,106.604166666667,138.5625,142.958333333333,119.645833333333,138.9375,125.75,75.6875,112.458333333333,104.5625,67.5,50.9583333333333,122.75,27.7291666666667,66.7708333333333,29.9375,13.9375,34.1458333333333,41.75,21.75,10.25,8.72916666666667,3.71875,99.1666666666667,22.6458333333333,100.8125,16.3958333333333,102.5,9.97916666666667,35.6041666666667,53.7916666666667,11.9583333333333,23.8958333333333,5.41666666666667,4.22916666666667,115.083333333333,112.4375,26.9791666666667,50.8541666666667,115.604166666667,23.4791666666667,60.5416666666667,100.416666666667,28.75,47.7708333333333,37.625,0.642787609686539
"3","F","ANDAMAN",70,70,0,160.114285714286,159.428571428571,89.4285714285714,123.514285714286,131.085714285714,106.114285714286,117.6,108.514285714286,65.7714285714286,95.7428571428571,90.8571428571429,56.6285714285714,43.7142857142857,106.314285714286,24.1428571428571,58.1142857142857,22.8,10.3142857142857,32.2,36.4,20.8285714285714,8.88571428571429,8.94285714285714,2.21428571428571,90,22.5428571428571,89.2285714285714,14.8857142857143,90.5428571428571,9.68571428571429,33.7142857142857,48,10.4,18.5714285714286,4.85714285714286,1.62857142857143,103.514285714286,101.571428571429,23.7142857142857,46,102.342857142857,22.9142857142857,55.4285714285714,89.6,22.5142857142857,42.2285714285714,32.1142857142857,1
"4","M","ANDAMAN",70,70,0,168.857142857143,167.542857142857,93.8571428571429,129.4,135.657142857143,110.542857142857,123.828571428571,113.342857142857,69.1714285714286,100.257142857143,92.8285714285714,60.6857142857143,46.8571428571429,111.828571428571,24.7142857142857,60.8,25.5428571428571,11.3142857142857,32.7142857142857,37.5714285714286,21.2857142857143,9.65714285714286,8.14285714285714,2.33428571428571,93.2,24.0285714285714,92.4,15.7428571428571,93.1714285714286,10.3142857142857,35.9142857142857,51.2,11.4285714285714,20.2285714285714,5.82857142857143,2.45714285714286,107.971428571429,106.657142857143,24.8285714285714,48.7142857142857,107.542857142857,24.8285714285714,57.7428571428571,91.6857142857143,24.2857142857143,43.7714285714286,33.6571428571429,1
"5","M","ANYANG",120,120,40,181,178.857142857143,101.285714285714,140.261904761905,138.785714285714,114.809523809524,135.952380952381,125.690476190476,74.1904761904762,108.238095238095,97.5,69.4285714285714,52.4761904761905,121.214285714286,28.2857142857143,66.6904761904762,30.5952380952381,13.9285714285714,32.7857142857143,39.0476190476191,22.452380952381,7.85714285714286,7.80952380952381,2.38095238095238,100.833333333333,22.3809523809524,97.3809523809524,14.2857142857143,98.7857142857143,8.5,36.0714285714286,54.8809523809524,12.6666666666667,26.452380952381,6.02380952380952,3.14285714285714,110.214285714286,113.52380952381,26.0238095238095,51.4523809523809,113.880952380952,24.3571428571429,60.2619047619048,99.4285714285714,27.6190476190476,48.6190476190476,36.6666666666667,0.766044443118978
"6","F","ARIKARA",-100,260,50,171.111111111111,170.222222222222,97.5185185185185,126.814814814815,136.481481481481,112.814814814815,130.666666666667,123.888888888889,71.2592592592593,105.407407407407,95.1481481481482,67.6296296296296,50.5185185185185,115,25.8148148148148,62.0740740740741,24.8888888888889,11.1111111111111,34.6296296296296,39.2222222222222,20.1481481481481,9.48148148148148,8.59259259259259,3.48148148148148,94.8148148148148,23.6296296296296,94.7777777777778,16.2962962962963,95.962962962963,10.2592592592593,34.8518518518519,50.6666666666667,10.7037037037037,22.2592592592593,4.74074074074074,2.25925925925926,107.925925925926,105.62962962963,23.3703703703704,46.7777777777778,104.074074074074,22.5925925925926,53.3703703703704,91.037037037037,26.5555555555556,44.1481481481481,35.4444444444444,0.642787609686539
"7","M","ARIKARA",-100,260,50,179.47619047619,177.690476190476,102.833333333333,133.357142857143,141.547619047619,116.428571428571,140.880952380952,131.333333333333,74.4047619047619,109.02380952381,98.5952380952381,71.6904761904762,54.4523809523809,122.333333333333,27.0952380952381,66.8809523809524,28.2380952380952,12.8571428571429,34.9523809523809,40.5476190476191,21.1190476190476,10.6190476190476,8.61904761904762,4.30952380952381,101.190476190476,25.8571428571429,99.0476190476191,17.5,99.1666666666667,10.3571428571429,38.3095238095238,55.9285714285714,11.6190476190476,24.4285714285714,6.45238095238095,3.47619047619048,108.428571428571,109.285714285714,21.3095238095238,50.7142857142857,108.928571428571,24.0952380952381,54.7142857142857,95.1428571428571,27.547619047619,45.5,37.8571428571429,0.642787609686539
"8","F","ATAYAL",120,120,20,168.111111111111,166.111111111111,93.8888888888889,129.333333333333,131.888888888889,109.055555555556,124.222222222222,116.611111111111,70.8333333333333,105.388888888889,91.2777777777778,60.3333333333333,46.9444444444444,108.555555555556,25.8888888888889,60.2777777777778,23.7777777777778,10.2777777777778,32.8333333333333,37,20.5555555555556,8.05555555555556,7.83333333333333,2.33333333333333,88.8333333333333,20.4444444444444,91.3333333333333,14.2222222222222,92.3888888888889,8.88888888888889,33.3888888888889,49,11.2222222222222,19.7222222222222,4.77777777777778,2.16666666666667,106.277777777778,104.555555555556,25.7777777777778,45.1666666666667,108.833333333333,24.1111111111111,58.0555555555556,91.4444444444444,25.5555555555556,42.9444444444444,35.3333333333333,0.939692620785908
"9","M","ATAYAL",120,120,20,177.034482758621,174.379310344828,97.9310344827586,133.51724137931,135.758620689655,113.275862068966,133.068965517241,122.965517241379,74.1724137931034,108.413793103448,94.3448275862069,65.1379310344828,50.2758620689655,116.724137931034,26.5862068965517,63.7586206896552,26.7241379310345,12.1379310344828,33.4827586206897,38.2758620689655,22.4137931034483,8.55172413793103,7.6551724137931,2.94827586206897,95.7241379310345,21.0344827586207,95.8275862068966,14.0689655172414,96.9310344827586,8.24137931034483,34.551724137931,52.2413793103448,12.1379310344828,21.3103448275862,5.68965517241379,3.03448275862069,109.51724137931,109.275862068966,26.5862068965517,46.6551724137931,112.310344827586,24.3448275862069,59.3793103448276,93.3103448275862,26.5172413793103,43.3448275862069,37.3103448275862,0.939692620785908
"10","F","AUSTRALI",140,140,-30,181.102040816327,177.285714285714,96.1632653061225,123.530612244898,127.510204081633,106.224489795918,125.775510204082,113.244897959184,68.530612244898,104.489795918367,100.448979591837,61.1428571428571,46.5102040816327,111.714285714286,26.2448979591837,62.6326530612245,24.734693877551,10.7551020408163,33.1020408163265,39.9591836734694,20.8979591836735,10.1632653061224,10.1428571428571,3.44897959183673,91.6326530612245,23.2244897959184,97.6530612244898,17.2448979591837,97.530612244898,10.265306122449,37.0204081632653,50.4489795918367,10.4285714285714,19.469387755102,6.18367346938776,3.95918367346939,100.224489795918,105.857142857143,25.3265306122449,46.4897959183673,110.265306122449,22.6326530612245,55,91.4081632653061,28.9795918367347,40.3877551020408,35.2040816326531,0.866025403784439
"11","M","AUSTRALI",140,140,-30,190.307692307692,185.423076923077,101.980769230769,129.615384615385,131.942307692308,110.096153846154,136.769230769231,120.134615384615,71.3076923076923,109.75,105.5,64.7692307692308,49.6923076923077,120.884615384615,27.8846153846154,66.8846153846154,29.8653846153846,12.7115384615385,33.4615384615385,41.8653846153846,21.6923076923077,11.5384615384615,10.3461538461538,4.05769230769231,98.3461538461538,24.1346153846154,102.423076923077,17.5384615384615,101.980769230769,10.2692307692308,40.9807692307692,55.3461538461538,11.3653846153846,21.1923076923077,7.40384615384615,5.36538461538461,101.346153846154,111.903846153846,25.2307692307692,50.2307692307692,116.634615384615,23.9038461538462,58.4038461538462,92.1153846153846,29.1346153846154,43.5192307692308,36.6538461538462,0.866025403784439
"12","F","BERG",15,15,45,170.528301886792,168.547169811321,92.9245283018868,124.471698113208,140.358490566038,118.735849056604,126.377358490566,120.320754716981,71.0566037735849,108.188679245283,89.9056603773585,63.4905660377358,48.2264150943396,111.056603773585,24.8867924528302,60.6037735849057,25.5849056603774,11.5471698113208,32.7547169811321,38.377358490566,22.0754716981132,10.6603773584906,9.15094339622642,3.90566037735849,89.5283018867924,21.9245283018868,95.0377358490566,16.7735849056604,95.188679245283,9.94339622641509,32.6792452830189,49.3584905660377,9.73584905660377,21.0943396226415,5.26415094339623,2.37735849056604,117.660377358491,106.22641509434,26.5094339622642,46.8490566037736,105.207547169811,23.3207547169811,54.6603773584906,91.4339622641509,27.9056603773585,45.9433962264151,36.2264150943396,0.707106781186548
"13","M","BERG",15,15,45,180.321428571429,177.285714285714,98.5892857142857,130.25,147.607142857143,124.625,135.553571428571,127.517857142857,74.8392857142857,113.607142857143,93.75,67.8928571428571,51.7142857142857,117.142857142857,25.4642857142857,63.875,28.3392857142857,13.1071428571429,33.75,40.1428571428571,22.875,11.5178571428571,9.44642857142857,4.66785714285714,93.2857142857143,22.6964285714286,99.5892857142857,18.25,98.6964285714286,10.4107142857143,35.6964285714286,53.6607142857143,10.5357142857143,23.1428571428571,6.73214285714286,3.58928571428571,122.732142857143,111.053571428571,27.0535714285714,50.2142857142857,110.089285714286,24.0892857142857,58.5,94,28.5,48.3392857142857,38.9821428571429,0.707106781186548
"14","F","BURIAT",120,120,60,171.833333333333,170.685185185185,96.7037037037037,127.166666666667,148.351851851852,121.833333333333,134.351851851852,129.166666666667,76.5,112.12962962963,94.5925925925926,69.3518518518518,53.3333333333333,115,26.8888888888889,64.6851851851852,25.5740740740741,11.2592592592593,34.8888888888889,39.7407407407407,19.8703703703704,8.16666666666667,8.07407407407407,2.41666666666667,96.537037037037,18.7407407407407,95.5555555555556,14.2962962962963,96.6296296296296,7.90740740740741,34.3888888888889,53.8333333333333,11.5555555555556,26.9259259259259,4.7962962962963,1.55555555555556,118.574074074074,109.981481481481,25.7037037037037,49.6666666666667,102.685185185185,21.037037037037,53.1296296296296,94.6481481481482,28.7222222222222,48.8148148148148,36.0925925925926,0.5
"15","M","BURIAT",120,120,60,181.636363636364,179.036363636364,101.854545454545,132.545454545455,154.909090909091,126.472727272727,144.345454545455,136.327272727273,79.9818181818182,117,98.8727272727273,74.5090909090909,56.9090909090909,124.890909090909,28.3818181818182,68.8727272727273,29.8727272727273,13.3090909090909,35.8727272727273,41.5272727272727,21.7454545454545,8.92727272727273,8.16363636363636,2.76363636363636,104.327272727273,19.5454545454545,101.563636363636,15.1454545454545,102.436363636364,7.89090909090909,37.5272727272727,58.0181818181818,12.7272727272727,28.9636363636364,6.03636363636364,2.85454545454545,119.654545454545,113.436363636364,25.5090909090909,53.1454545454545,109.672727272727,22.6545454545455,55.6363636363636,94.6181818181818,30.6,48.4363636363636,37.1818181818182,0.5
"16","F","BUSHMAN",20,20,-10,171.714285714286,170.34693877551,91.6734693877551,119.510204081633,128.571428571429,106.673469387755,116.530612244898,107.632653061224,66.265306122449,102.040816326531,90.6122448979592,56.1224489795918,42.8571428571429,105.857142857143,25.9183673469388,57.9591836734694,21.6122448979592,9.16326530612245,30.9591836734694,37.6734693877551,21.734693877551,7.40816326530612,7.18367346938776,1.20204081632653,88.7755102040816,19.8571428571429,93.8979591836735,15.4081632653061,93.8979591836735,9.87755102040816,31.1428571428571,46.3265306122449,10.5918367346939,19.8367346938776,5.69387755102041,1.71428571428571,104.020408163265,105.102040816327,28.2244897959184,45.0816326530612,105.285714285714,21.0204081632653,55.5918367346939,88.469387755102,28.265306122449,43.7551020408163,34.8367346938776,0.984807753012208
"17","M","BUSHMAN",20,20,-10,178.365853658537,176.09756097561,94.7560975609756,122.536585365854,133.585365853659,110.073170731707,123.560975609756,113.170731707317,70,106.780487804878,93.6585365853659,57.5121951219512,43.7560975609756,111.146341463415,27.1707317073171,60.0487804878049,25.2439024390244,11.6341463414634,30.8292682926829,39.2682926829268,21.7317073170732,7.78048780487805,6.8780487804878,1.30731707317073,92.1951219512195,19.4878048780488,97.2682926829268,16.1951219512195,97.0243902439024,10.0243902439024,34.219512195122,50.0243902439024,11.5121951219512,20.9268292682927,6.73170731707317,2.36585365853659,107.560975609756,109.170731707317,28.4634146341463,47.5853658536585,109.487804878049,21.9512195121951,57.1707317073171,88.5609756097561,28.4390243902439,45.390243902439,37.0975609756098,0.984807753012208
"18","F","DOGON",10,10,10,169.826923076923,169.019230769231,94.8653846153846,128.096153846154,132.096153846154,109.076923076923,121.038461538462,109.423076923077,65.75,100.538461538462,96.0769230769231,61.5769230769231,46.1730769230769,109.634615384615,27.6923076923077,61.1923076923077,25.2115384615385,10.4038461538462,32.7884615384615,38.1346153846154,22.2307692307692,9.05769230769231,9.67307692307692,2.50961538461538,93.1346153846154,21.0384615384615,94.4038461538462,15.4615384615385,95.1538461538462,9.5,34.2884615384615,48.8076923076923,11.1153846153846,19.9423076923077,4.01923076923077,1.61538461538462,106.615384615385,105.653846153846,25.6730769230769,44.6153846153846,107.730769230769,22.25,61.5384615384615,94.0192307692308,22.9423076923077,44.3846153846154,33.2692307692308,0.984807753012208
"19","M","DOGON",10,10,10,177.702127659574,175.744680851064,98.4893617021277,132.127659574468,137.468085106383,114.340425531915,129.574468085106,115.31914893617,68.2978723404255,103.297872340426,99.9787234042553,64.7234042553192,47.7234042553191,115.510638297872,28.4255319148936,64.4468085106383,29.0212765957447,12.1276595744681,33.7446808510638,39.5531914893617,23.5106382978723,9.82978723404255,9.5531914893617,2.78297872340426,96.1702127659574,21.3404255319149,99.3404255319149,16.3404255319149,99.2978723404255,9.76595744680851,37.6170212765957,53.3191489361702,12.1063829787234,21.2127659574468,5.48936170212766,2.29787234042553,110.659574468085,110.170212765957,26.7446808510638,47.9787234042553,112.148936170213,23.4255319148936,64.2765957446808,94.4893617021277,23.7234042553191,43.063829787234,35,0.984807753012208
"20","F","EASTER I",-110,250,-27,180.756756756757,177.135135135135,104.459459459459,137.081081081081,128.513513513514,106.378378378378,125.540540540541,115.891891891892,64.3783783783784,101.540540540541,101.189189189189,62,49.0810810810811,111.837837837838,26.7027027027027,59.4594594594595,24.2972972972973,12.7567567567568,33.5135135135135,37.972972972973,22.1621621621622,9,8.21621621621622,2.64864864864865,90.9189189189189,23.3513513513514,94.4324324324324,15.8918918918919,95.4594594594595,9.67567567567568,38.1621621621622,53.2162162162162,11.7027027027027,22.5945945945946,5.67567567567568,3.40540540540541,103.675675675676,109.594594594595,26.4864864864865,47.0810810810811,109.648648648649,23.2162162162162,54.0540540540541,96.4594594594595,28.972972972973,46.9189189189189,34.8648648648649,0.891006524188368
"21","M","EASTER I",-110,250,-27,192.142857142857,187.775510204082,111.285714285714,144.816326530612,135.020408163265,112.408163265306,136.632653061224,123.897959183673,68.8979591836735,108.510204081633,106.448979591837,68.5510204081633,53.5918367346939,119.734693877551,28.4489795918367,64.8979591836735,30.0816326530612,15.3673469387755,34.2244897959184,39.8571428571429,23.4285714285714,10.5102040816327,7.89795918367347,3.3265306122449,98.2244897959184,26.0612244897959,99.5918367346939,17.9387755102041,99.8367346938775,10.530612244898,39.6938775510204,56.734693877551,12.265306122449,25.4897959183673,7.44897959183673,4.93877551020408,109.367346938776,116.285714285714,26.469387755102,51.1224489795918,116.510204081633,24.7142857142857,57.6938775510204,100.122448979592,29.9183673469388,49.4081632653061,37.530612244898,0.891006524188368
"22","F","EGYPT",30,30,30,175.584905660377,175.037735849057,95.8867924528302,127.415094339623,135.566037735849,111.377358490566,120.056603773585,112.547169811321,66.0943396226415,104.415094339623,91.2452830188679,64.0566037735849,48.9622641509434,106.132075471698,24.0188679245283,59.6792452830189,25.2264150943396,10.8301886792453,32.8301886792453,37.8679245283019,20.0377358490566,10.8867924528302,10.1132075471698,3.9811320754717,89.377358490566,22.9245283018868,91.6981132075472,17.188679245283,92.0754716981132,11.3207547169811,31.8490566037736,47.5283018867925,9.9622641509434,19.8301886792453,4.77358490566038,1.88679245283019,109.792452830189,108.132075471698,25.9811320754717,48.8867924528302,110.490566037736,23.811320754717,59.3584905660377,94.5660377358491,26.3962264150943,45.0754716981132,33.9056603773585,0.866025403784439
"23","M","EGYPT",30,30,30,185.620689655172,183.568965517241,101.5,133.741379310345,139.224137931034,115.465517241379,128.827586206897,118.620689655172,68.6379310344828,107.551724137931,96.5172413793103,68.4310344827586,51.7413793103448,111.879310344828,24.8275862068966,62.8103448275862,30.1896551724138,13.1206896551724,32.948275862069,39.5,20.8620689655172,11.8620689655172,9.93103448275862,4.67241379310345,93.8275862068966,24.2586206896552,96.051724137931,18.7586206896552,95.8103448275862,11.5689655172414,35.448275862069,52.0344827586207,10.8448275862069,22.5344827586207,6,3.03448275862069,112.896551724138,111.913793103448,25.5862068965517,51.7068965517241,115.724137931034,25.5689655172414,63.7413793103448,97.4827586206897,26.9655172413793,46.1724137931034,35.6724137931034,0.866025403784439
"24","F","ESKIMO",-30,330,70,180.945454545455,178.563636363636,100.254545454545,132.854545454545,130.981818181818,108.763636363636,130.2,120.490909090909,70.9272727272727,105.527272727273,99.4727272727273,67.1090909090909,50.4363636363636,113.2,23.3272727272727,61.8545454545455,23.0181818181818,11.5454545454545,35.1090909090909,40.4727272727273,17.2727272727273,8.41818181818182,5.61818181818182,1.84909090909091,92.7636363636364,19.0909090909091,94.9818181818182,14.3272727272727,96.5272727272727,8.14545454545454,38.1090909090909,53.5454545454545,11.6727272727273,24.0363636363636,4.43636363636364,2.23636363636364,100.836363636364,109.618181818182,26.6545454545455,50.7090909090909,111.581818181818,23.6727272727273,56.4545454545455,96.0545454545454,27.7636363636364,48.3090909090909,37.6181818181818,0.342020143325669
"25","M","ESKIMO",-30,330,70,188.301886792453,184.471698113208,106.490566037736,139.056603773585,134.037735849057,112.22641509434,139.735849056604,126.396226415094,74.1698113207547,109.660377358491,103.056603773585,71.7358490566038,54.1320754716981,121.150943396226,23.6792452830189,65.9433962264151,27.5660377358491,13.5660377358491,36.2264150943396,41.9811320754717,18.5849056603774,9.50943396226415,6.05660377358491,2.56603773584906,99.8301886792453,20.4150943396226,98.9811320754717,14.8301886792453,100.377358490566,8.86792452830189,41.5660377358491,59.3396226415094,12.7924528301887,25.8679245283019,5.69811320754717,3.30188679245283,101.943396226415,112.792452830189,26.4339622641509,53.1320754716981,114.905660377358,23.9622641509434,57.7547169811321,98.2264150943396,29.4905660377358,50.9433962264151,38.3962264150943,0.342020143325669
"26","F","GUAM",145,145,15,175.259259259259,173.703703703704,100.037037037037,136.888888888889,136.37037037037,112.037037037037,132.037037037037,122.62962962963,71.7407407407407,105.333333333333,96.4444444444444,66.5925925925926,51.037037037037,117.592592592593,26.5185185185185,63.7777777777778,27.0740740740741,11.6296296296296,34.7407407407407,39.7407407407407,21.037037037037,8.22222222222222,7.66666666666667,2.2962962962963,96.6666666666667,21,96.9259259259259,15.5185185185185,97.8148148148148,9.51851851851852,36.2962962962963,54.6666666666667,12.2592592592593,24.5925925925926,5.48148148148148,2.51851851851852,110.592592592593,110.592592592593,27.1851851851852,48.3703703703704,109.518518518519,23.8148148148148,58.5185185185185,96.9259259259259,26.7407407407407,47.3703703703704,34.962962962963,0.965925826289068
"27","M","GUAM",145,145,15,185.6,182.633333333333,104.966666666667,143.733333333333,140.8,115.3,142.533333333333,130.333333333333,73.9333333333333,110.066666666667,101.5,69.9333333333333,54.3333333333333,124.633333333333,27.7666666666667,67.4333333333333,30.9333333333333,13.4666666666667,35.5,41.4333333333333,21.8333333333333,9.63333333333333,8.13333333333333,2.63333333333333,102.633333333333,22.9,101.233333333333,17.2,101.166666666667,9.9,40.2666666666667,59.5,12.8666666666667,25.5333333333333,6.96666666666667,3.76666666666667,112.4,116.4,27.2333333333333,51.9666666666667,114.833333333333,25.2333333333333,61.1333333333333,100.2,28.5333333333333,48.2333333333333,36.6666666666667,0.965925826289068
"28","F","HAINAN",120,120,30,170.631578947368,169.394736842105,94.7368421052632,132.131578947368,134.973684210526,111.842105263158,125.552631578947,117.447368421053,71.3421052631579,101.631578947368,93.4210526315789,65.3947368421053,49.3157894736842,112.447368421053,26.0263157894737,62.3421052631579,25.2368421052632,10.6052631578947,32.8421052631579,37.6052631578947,20.9473684210526,7.86842105263158,7.57894736842105,2.18421052631579,95.3421052631579,21.3421052631579,92.8421052631579,14.2894736842105,94.0789473684211,8.81578947368421,33.6842105263158,51.2631578947368,11.7631578947368,24.5526315789474,5.21052631578947,2.15789473684211,109.947368421053,108.263157894737,25.2631578947368,47.1052631578947,109,24.2368421052632,59.3157894736842,94.7105263157895,25.2368421052632,46.7105263157895,34.6842105263158,0.866025403784439
"29","M","HAINAN",120,120,30,176.377777777778,174.355555555556,99.4666666666667,136.711111111111,138.444444444444,114.733333333333,133.955555555556,123.622222222222,73.8666666666667,105.955555555556,96.5555555555556,69.6888888888889,52.3555555555556,118.888888888889,27.3111111111111,64.8,29.4888888888889,12.8888888888889,33.6,38.6666666666667,22.1555555555556,8.44444444444444,8.17777777777778,2.91111111111111,98.2,22.4,97.1333333333333,15.4444444444444,97.8888888888889,9.24444444444444,35.8,54.7111111111111,12.2444444444444,24.9111111111111,6.31111111111111,3.04444444444444,110.888888888889,109.444444444444,24.4666666666667,48.3777777777778,111.977777777778,25.1555555555556,60.5333333333333,96.0222222222222,26.3333333333333,45.9555555555556,36.7555555555556,0.866025403784439
"30","F","MOKAPU",-160,200,20,175.387755102041,173.775510204082,101.448979591837,136.571428571429,138.673469387755,111.979591836735,126.877551020408,119.020408163265,68.469387755102,102.65306122449,100.204081632653,63.7551020408163,49.3877551020408,112.673469387755,26.0204081632653,61.734693877551,25.5510204081633,12.3265306122449,34.1224489795918,39.4285714285714,19.9387755102041,8.20408163265306,7.38775510204082,2.3469387755102,92.6530612244898,23.2244897959184,95.1632653061225,14.8367346938776,95.7959183673469,9.08163265306122,36.0612244897959,51.6938775510204,11.3061224489796,23.469387755102,4.75510204081633,2.89795918367347,109.591836734694,111.285714285714,24.4285714285714,46.3265306122449,105.612244897959,22.4489795918367,51.9795918367347,99.9183673469388,25.2244897959184,51.4897959183673,34.265306122449,0.939692620785908
"31","M","MOKAPU",-160,200,20,186.313725490196,183.294117647059,107,144.039215686275,143.725490196078,117.21568627451,138.823529411765,128.098039215686,72.7647058823529,108.960784313725,104.352941176471,68.6078431372549,53.3137254901961,120.764705882353,27.3921568627451,65.7843137254902,30.921568627451,15.3921568627451,35.0588235294118,40.6862745098039,21.6470588235294,9.58823529411765,7.43137254901961,2.94117647058824,99.078431372549,24.9019607843137,100.372549019608,16.1176470588235,100.117647058824,9.54901960784314,39.2156862745098,55.2156862745098,11.921568627451,25.4313725490196,6.27450980392157,4.72549019607843,115.098039215686,117.705882352941,24.7647058823529,51.4509803921569,112.686274509804,24.8823529411765,53.9019607843137,102.450980392157,26.5490196078431,53.6862745098039,36.5294117647059,0.939692620785908
"32","F","MORIORI",-175,185,-45,178.137254901961,176.549019607843,101.294117647059,131.627450980392,137.666666666667,109.980392156863,130.843137254902,122.607843137255,67.4313725490196,104.882352941176,98.7058823529412,68.4705882352941,52.6078431372549,115.941176470588,25.6078431372549,62.4117647058824,27.1372549019608,12.1764705882353,35.7843137254902,40.2549019607843,20.078431372549,9.31372549019608,7.37254901960784,3.01960784313725,92.9019607843137,26.0392156862745,95.8235294117647,16.5686274509804,96.843137254902,10.9607843137255,35.843137254902,52.7254901960784,10.4509803921569,23.078431372549,4.84313725490196,3.7843137254902,104.862745098039,108.078431372549,22.4509803921569,47.078431372549,106.450980392157,22.6078431372549,53.6078431372549,98.3725490196078,26.0980392156863,45.1960784313725,34.9411764705882,0.707106781186548
"33","M","MORIORI",-175,185,-45,188.40350877193,185.947368421053,105.649122807018,136,142.771929824561,113.263157894737,139.842105263158,128.947368421053,70.7543859649123,109.877192982456,103.070175438596,74.1929824561404,55.9473684210526,122.912280701754,27.0701754385965,66.0175438596491,32.3157894736842,15.0701754385965,36.7017543859649,41.8771929824561,20.6666666666667,10.2456140350877,7.05263157894737,3.21052631578947,98.8947368421053,28.2105263157895,100.087719298246,18.0350877192982,100.59649122807,11.4210526315789,38.5263157894737,55.8421052631579,11.1754385964912,25.1228070175439,5.87719298245614,5.15789473684211,106.456140350877,114.350877192982,21.8947368421053,51.2631578947368,110.59649122807,22.859649122807,55.4210526315789,102.508771929825,28.5438596491228,49.9122807017544,36.0877192982456,0.707106781186548
"34","F","N JAPAN",140,140,40,171.09375,169.53125,95.625,129.53125,133.46875,110.59375,124.5625,116.625,71.9375,104.09375,92.65625,66.15625,50.28125,109.71875,25.6875,62.875,26.59375,10.75,34.40625,38.21875,20.34375,7.5625,7.4375,1.984375,91.78125,22.59375,92.625,13.96875,94.46875,9.125,31.21875,49.15625,10.28125,22.125,5.09375,2.25,108.4375,105.125,25.28125,45.875,106.84375,21.5,54.53125,96.25,26.8125,47.28125,35.21875,0.766044443118978
"35","M","N JAPAN",140,140,40,183.090909090909,180.109090909091,101.490909090909,136.836363636364,141.618181818182,116.636363636364,135.727272727273,124.472727272727,75.9454545454546,109.527272727273,98.4545454545455,70.9636363636364,52.8,118.854545454545,25.9272727272727,67.2181818181818,30.7272727272727,12.3454545454545,34.5636363636364,39.6363636363636,21.7090909090909,7.81818181818182,7.27272727272727,2.69636363636364,98.1636363636364,23.1454545454545,98,14.3818181818182,98.8727272727273,8.47272727272727,35.3090909090909,54.4181818181818,12.4545454545455,23.4727272727273,6.58181818181818,4.23636363636364,111.763636363636,111.4,25.7454545454545,50.5818181818182,113.345454545455,23.7272727272727,59.1454545454545,100.090909090909,28.7272727272727,50.6,36.5818181818182,0.766044443118978
"36","M","N MAORI",170,170,-40,186.6,183,105,137.4,136.9,111.1,139.3,126,69.1,110,101.2,67.3,52.7,120.8,27,64.6,32.8,15.7,35.5,40.7,20.2,9.8,7.2,3.3,97.9,26.9,99.2,16.9,99.4,10.3,38.4,55.5,11.9,23.2,6.1,5.4,102.4,113.5,25.5,50.6,109.4,22.4,56.3,100.6,30.3,52.3,36.9,0.766044443118978
"37","F","NORSE",15,15,60,179.981818181818,178.690909090909,97.3090909090909,125.963636363636,136.290909090909,114.309090909091,124.436363636364,117.654545454545,68.0909090909091,106.709090909091,94.0181818181818,64.2545454545455,49.1636363636364,110.018181818182,24.1818181818182,60.1090909090909,26.0181818181818,11.7272727272727,33.2181818181818,39.2,20.6363636363636,10.9818181818182,8.96363636363636,3.87272727272727,90.1454545454545,22.0545454545455,94.6,17.6181818181818,94.8545454545455,11.0181818181818,34.0363636363636,50.7090909090909,10.3818181818182,22.2909090909091,5.29090909090909,1.96363636363636,111.709090909091,107.981818181818,25.5454545454545,48.3090909090909,109.527272727273,23.1272727272727,58.2,95.3272727272727,29.8363636363636,45.1636363636364,34.8,0.5
"38","M","NORSE",15,15,60,188.472727272727,186.181818181818,101.8,131.727272727273,141.872727272727,119.127272727273,134.436363636364,124.672727272727,71.4181818181818,111.890909090909,96.9636363636364,68.9272727272727,51.9636363636364,117.127272727273,25.4181818181818,63.6181818181818,29.5454545454545,13.1272727272727,33.7454545454545,40.3818181818182,22.3454545454545,12.2909090909091,9.09090909090909,4.30909090909091,94.0181818181818,22.9636363636364,99.0181818181818,18.8,98.8909090909091,10.9818181818182,37.0909090909091,55.2909090909091,11.0909090909091,24.2,6.29090909090909,3.25454545454545,115.545454545455,113.127272727273,25.1090909090909,51.6727272727273,114.436363636364,24.6909090909091,61.0181818181818,97.2545454545455,30.8181818181818,47.4,36.5272727272727,0.5
"39","F","PERU",-70,290,-10,169,168.127272727273,90.5818181818182,124.909090909091,134.927272727273,112.072727272727,125.6,117.563636363636,67.6545454545455,105.254545454545,88.8727272727273,63.6545454545455,47.6545454545455,108.563636363636,23.9636363636364,61.0909090909091,26.3090909090909,10.7272727272727,34.1454545454545,36.8181818181818,19.4363636363636,9.54545454545454,8.69090909090909,3.67272727272727,91.8,21.8181818181818,91.1090909090909,14.3272727272727,90.7818181818182,8.45454545454546,31.7818181818182,48,9.58181818181818,22.0545454545455,4.54545454545455,2.10909090909091,109.236363636364,105.072727272727,23.3090909090909,45.1090909090909,104.072727272727,22.5818181818182,51.7636363636364,95.5272727272727,29.4727272727273,45.8363636363636,33.8545454545455,0.984807753012208
"40","M","PERU",-70,290,-10,177.963636363636,176.181818181818,96,130.527272727273,137.945454545455,115.236363636364,134.927272727273,123.509090909091,71.6,108.163636363636,94.2727272727273,67.7818181818182,50.3454545454545,116.109090909091,25.2363636363636,64.6,29.9636363636364,12.6,34.2727272727273,38.2545454545455,21.1272727272727,10.4,9.03636363636364,4.43636363636364,96.9090909090909,22.6,96.1272727272727,15.9454545454545,95.4545454545455,8.89090909090909,35.5454545454545,52.5818181818182,10.4181818181818,24.4545454545455,5.90909090909091,3.09090909090909,110.072727272727,109.727272727273,22.9454545454545,48.4727272727273,108.981818181818,23.8909090909091,54.3636363636364,98.1090909090909,30.1636363636364,47.3090909090909,35.1636363636364,0.984807753012208
"41","M","PHILLIPI",120,120,10,176.92,174.82,98.48,134.8,139.8,115.16,133.16,122.96,74.66,107.32,97.88,66.78,51.46,118.16,28.26,64.86,29.62,13.5,33.22,39.04,22.6,8.52,8.16,2.97,98.2,22.5,98.12,15.64,98.36,9.14,36.06,52.84,12.22,23,6.24,3.52,112.42,110.9,24.98,51.08,111.64,24.72,60.28,96.92,25.58,46.24,35.7,0.984807753012208
"42","F","S JAPAN",130,130,30,172.487804878049,171.243902439024,95.6341463414634,130.853658536585,133.707317073171,110.560975609756,124.80487804878,117.292682926829,69.7560975609756,103.682926829268,94.5609756097561,65.8536585365854,49.3658536585366,110.682926829268,25.4146341463415,62.3414634146341,25.219512195122,10.609756097561,33.9268292682927,37.7073170731707,20.6829268292683,7.24390243902439,7.19512195121951,1.95365853658537,92,21.7317073170732,91.6829268292683,13.9268292682927,93.6829268292683,8.87804878048781,32.0243902439024,48.8536585365854,10.7317073170732,22.0243902439024,4.73170731707317,1.73170731707317,107.707317073171,106.365853658537,25.5853658536585,45.219512195122,109.560975609756,23.4878048780488,58,95.8292682926829,27.609756097561,46.8292682926829,34.609756097561,0.866025403784439
"43","M","S JAPAN",130,130,30,181.3,179.18,101.94,138.34,138.3,115.12,133.56,122.86,73.38,108.1,99.32,69.02,51.76,117.52,26.1,66.32,30.08,12.46,34.04,39.3,21.5,7.94,6.72,2.386,97.96,23.42,96.86,15.42,97.46,9.48,34.54,53.7,12.14,23.52,6.3,2.76,112.2,110.98,26.06,50.5,113.84,24.32,61.82,100.38,28.22,50.62,36.4,0.866025403784439
"44","M","S MAORI",170,170,-45,187.1,183,105.6,139.4,142.6,114.3,142.5,130.2,72.2,110.4,100.5,70.1,54.1,124.6,26.4,65.7,31.7,16,36.2,41.5,20.2,9.2,6.8,3.2,99.1,26.2,99.5,16.8,100.2,11,39.3,58,12.3,24.9,6.8,5.4,109,116.2,25.4,49.2,109,21.6,53.8,102.2,28.9,44.3,36.4,0.707106781186548
"45","F","SANTA CR",-110,250,30,172.176470588235,170.764705882353,92.7843137254902,123.941176470588,135.019607843137,108.725490196078,126.647058823529,119.333333333333,70.8039215686274,106.450980392157,95.1764705882353,64.6470588235294,46.7058823529412,110.607843137255,23.6274509803922,62.6274509803922,25.1372549019608,12.2156862745098,34.2745098039216,38.2745098039216,20.7843137254902,9.05882352941176,6.98039215686275,2.74705882352941,92.6470588235294,23.6470588235294,94.1960784313726,16.1176470588235,94.6078431372549,10.3137254901961,34.2352941176471,50.4117647058824,10.921568627451,21.156862745098,5,2.96078431372549,104.274509803922,104.862745098039,23.0588235294118,48.6078431372549,101.803921568627,21.2745098039216,50.9607843137255,95.2352941176471,30.3333333333333,44.6078431372549,34.6078431372549,0.866025403784439
"46","M","SANTA CR",-110,250,30,179.823529411765,177.039215686275,97.3137254901961,129.019607843137,139.901960784314,113.823529411765,136.941176470588,126.21568627451,75.4117647058823,111.705882352941,98.8823529411765,68.921568627451,50.7058823529412,118.843137254902,24.8039215686275,67.4313725490196,28.921568627451,13.8235294117647,35.1764705882353,40.2549019607843,22,10.6862745098039,7.50980392156863,3.47058823529412,100.235294117647,24.9411764705882,99.6666666666667,16.9607843137255,99.4313725490196,10.1372549019608,36.2549019607843,54.1960784313725,11.921568627451,23.5490196078431,6.76470588235294,4.52941176470588,108.764705882353,109.78431372549,23.0588235294118,52.3921568627451,105.019607843137,21.2352941176471,53.078431372549,97.5490196078431,30.7254901960784,45.9019607843137,36.4313725490196,0.866025403784439
"47","F","TASMANIA",150,150,-40,177.809523809524,173.404761904762,94.7857142857143,126.357142857143,132.761904761905,106.809523809524,125.452380952381,116.5,68,105,98.2142857142857,58.2380952380952,45.2142857142857,110.47619047619,27.547619047619,63.7142857142857,22.4761904761905,11.1190476190476,30.6904761904762,39.5238095238095,20.547619047619,10.0714285714286,8.11904761904762,2.95238095238095,88.8809523809524,25.8333333333333,96.5952380952381,16.8809523809524,96.1666666666667,10.0238095238095,36.1666666666667,50.2142857142857,10.5,19.3809523809524,6.52380952380952,4.33333333333333,102.690476190476,105.857142857143,25.1666666666667,45.2380952380952,111.238095238095,23.452380952381,54.4523809523809,92.0238095238095,27.6904761904762,42.9761904761905,34.7142857142857,0.766044443118978
"48","M","TASMANIA",150,150,-40,185.355555555556,180.066666666667,99.7333333333333,132.066666666667,138.4,113.022222222222,135.822222222222,123.555555555556,71.9333333333333,109.266666666667,103.244444444444,62.5111111111111,48.8666666666667,118,28.8666666666667,67.0888888888889,26.5777777777778,13.1555555555556,31,40.7777777777778,22.3777777777778,10.8222222222222,8.35555555555556,3.36666666666667,94.6666666666667,27.1333333333333,101.8,17.1555555555556,100.711111111111,10.0222222222222,39.9111111111111,54.6666666666667,11.3111111111111,21.2888888888889,7.53333333333333,5.64444444444444,106.244444444444,110.288888888889,25.0444444444444,49.2,115.8,24.7111111111111,57.5555555555556,93.1777777777778,28.6444444444444,44.6888888888889,36.4666666666667,0.766044443118978
"49","F","TEITA",30,30,15,174.72,173.54,96.42,125.12,126.46,108.06,124.24,112.42,64.48,100.88,96.28,60.94,46.42,112.6,27.26,59.28,24.22,10.3,32.26,37.86,23.98,9.5,9.9,1.708,93.62,20.38,95.56,17.22,96.06,10.42,37.76,51.16,10.88,20.18,4.96,2.34,103.38,105.72,27,47.3,109.68,23.74,60.46,89.9,26.28,42.28,34.46,0.965925826289068
"50","M","TEITA",30,30,15,184,182.484848484848,102.212121212121,129.060606060606,129.818181818182,111.333333333333,131.060606060606,117.424242424242,67.6969696969697,104.515151515152,102.454545454545,66.2121212121212,50.2121212121212,117.212121212121,27.8181818181818,62.7575757575758,29.1818181818182,13.0606060606061,33.2121212121212,39.5454545454545,24.2424242424242,10.8181818181818,9.27272727272727,2.15151515151515,99.4242424242424,22.2121212121212,100,18.6969696969697,99.8181818181818,11.5454545454545,38.6969696969697,54.1818181818182,11.9090909090909,22.2727272727273,6.45454545454545,1.90909090909091,105.666666666667,108.848484848485,26.6363636363636,48.969696969697,114.272727272727,23.3636363636364,61.8181818181818,93.6969696969697,28.7878787878788,47.7878787878788,36.0606060606061,0.965925826289068
"51","F","TOLAI",130,130,0,174.592592592593,171.907407407407,95.5925925925926,127.203703703704,127.944444444444,106.722222222222,126.240740740741,114.981481481481,67.7962962962963,103.203703703704,101.537037037037,62.7592592592593,46.5925925925926,110.796296296296,26.6851851851852,62.1111111111111,26.1481481481481,11.6111111111111,32.2407407407407,39.037037037037,21.2037037037037,8.96296296296296,8.42592592592593,2.81481481481481,90.962962962963,24.7592592592593,96.2777777777778,15.462962962963,96.2407407407407,9.53703703703704,38.2592592592593,52.5925925925926,10.9259259259259,20.962962962963,6.03703703703704,3.07407407407407,100.611111111111,103,23.4814814814815,45.2222222222222,112.62962962963,25.2037037037037,57.1111111111111,93.2592592592593,27.7407407407407,44.4074074074074,33.1481481481481,1
"52","M","TOLAI",130,130,0,183.517857142857,179.035714285714,101.5,134.875,130.482142857143,109.732142857143,135.982142857143,120.035714285714,70.8571428571429,105.946428571429,107.035714285714,66.0535714285714,48.4642857142857,118.607142857143,27.7857142857143,66.0178571428571,28.7142857142857,13.875,32.2857142857143,41.1785714285714,22.0357142857143,10.1071428571429,8.69642857142857,3.53571428571429,97.5,26.5357142857143,101.625,16.8035714285714,101.196428571429,9.80357142857143,41.2678571428571,56.4464285714286,11.5178571428571,22.9464285714286,7.05357142857143,4.75,101.410714285714,108.642857142857,23.875,49.1785714285714,116.357142857143,25.7857142857143,58.2321428571429,95.6785714285714,29.5892857142857,46.3392857142857,34.9107142857143,1
"53","F","ZALAVAR",20,20,50,176.444444444444,174.511111111111,96.5111111111111,128.755555555556,136.888888888889,115.666666666667,125.444444444444,118.622222222222,71.8222222222222,107.777777777778,92.1333333333333,63.1777777777778,48.4888888888889,109.577777777778,24.6666666666667,60.7111111111111,26.3111111111111,11.7555555555556,32.0888888888889,38.6666666666667,20.6666666666667,10.8222222222222,9.35555555555556,3.97777777777778,90.0888888888889,21.6888888888889,94.7777777777778,16.4888888888889,95.2222222222222,9.51111111111111,32.5333333333333,48.4444444444444,9.73333333333333,21.1111111111111,5.44444444444444,2.15555555555556,113.555555555556,107.466666666667,26.5333333333333,46.9777777777778,110.644444444444,23.6666666666667,56.6,94.2,28.6888888888889,45.1555555555556,35.1777777777778,0.642787609686539
"54","M","ZALAVAR",20,20,50,185.132075471698,182.264150943396,101.283018867925,134.849056603774,141.396226415094,119.301886792453,133,123.735849056604,73.7169811320755,110.981132075472,97.0566037735849,68.4528301886792,51.4339622641509,115.528301886792,25.3584905660377,64.1509433962264,29.5094339622642,13.5471698113208,32.6792452830189,39.9622641509434,21.4150943396226,11.8301886792453,9.24528301886792,4.47169811320755,94.7547169811321,23.5471698113208,98.0566037735849,18.3584905660377,97.6981132075472,9.9811320754717,35.8301886792453,53.2264150943396,10.6603773584906,23.2264150943396,6.71698113207547,3.28301886792453,117.037735849057,112.698113207547,26.7924528301887,50,115.283018867925,25.1320754716981,58.6415094339623,96.1698113207547,29.6415094339623,47.5094339622642,37.2075471698113,0.642787609686539
"55","F","ZULU",30,30,-20,178.95652173913,177.913043478261,97.2826086956522,128.739130434783,131.717391304348,113.695652173913,122.782608695652,112.826086956522,69.0217391304348,103.304347826087,98.7173913043478,63.4130434782609,47.304347826087,111.847826086957,27.9782608695652,62.6521739130435,25.6086956521739,10.9782608695652,32.8695652173913,39.195652173913,22.2608695652174,8.8695652173913,9.15217391304348,2.52173913043478,91.1304347826087,21.9565217391304,97.7391304347826,16.4782608695652,97.6739130434783,10.1304347826087,36,50.9130434782609,11.6086956521739,20.0652173913043,5.23913043478261,1.82608695652174,112.282608695652,109.391304347826,27.695652173913,46.0434782608696,112,23.2391304347826,59.1304347826087,95.0217391304348,27.2391304347826,45.4347826086956,36.0434782608696,0.939692620785908
"56","M","ZULU",30,30,-20,185.127272727273,183.363636363636,102,133.672727272727,134.109090909091,115.836363636364,129.945454545455,116.236363636364,71.9818181818182,105.309090909091,102.381818181818,67.3272727272727,50,116.890909090909,28.6545454545455,65.3454545454545,28.4181818181818,11.7818181818182,33.7636363636364,40.4363636363636,23.5272727272727,9.76363636363636,9.12727272727273,2.94545454545455,95.8727272727273,23.9090909090909,101.981818181818,17.8363636363636,100.945454545455,10.4545454545455,38.2545454545455,53.6545454545455,11.7636363636364,20.7272727272727,6.18181818181818,2.16363636363636,113.890909090909,111.690909090909,27.7090909090909,47.1636363636364,115.309090909091,24.1090909090909,60.6909090909091,96.5272727272727,26.8545454545455,47.1272727272727,37.3272727272727,0.939692620785908
